name,email,age
Allison Hill,jillrhodes@miller.abcd,58
Lance Hoffman,shaneramirez@mivas.abcd,25
Caitlin Henderson,jasongallagher@mivas.abcd,19
Brent Abbott,blairamanda@yahoo.abcd,35
Edward Fuller,janetwilliams@mivas.abcd,33
Victoria Wyatt,oramirez@martin-kelly.abcd,32
Melinda Jones,frankgray@watts.abcd,26
Andrew Stewart,clarksherri@hotmail.abcd,24
Matthew Foster,josephwright@hotmail.abcd,52
Nicole Patterson,jeffrey28@yahoo.abcd,23
Anthony Rodriguez,ycarlson@carlson-mcdonald.abcd,55
Shannon Smith,kayla51@graham-chavez.abcd,45
Pamela Romero,meagan89@hernandez.net,20
Tammy Sellers,xsmith@yahoo.abcd,19
David Bradley,dennislisa@cannon.net,23
Joseph Obrien,jenniferross@santos.abcd,31
Austin Smith,adrianzimmerman@perez.abcd,32
David Caldwell,jenniferkhan@kennedy.abcd,50
Matthew Gomez,dshields@hotmail.abcd,56
Maria Brown,wrightjames@yahoo.abcd,19
Clifford Ford,jmorton@williams.abcd,53
Tammy Allison,ntucker@barrera-martin.abcd,30
Mrs. Rachel Gibson,smoore@mivas.abcd,59
Lauren Daniels,williamsthomas@hotmail.abcd,52
Tyler Miller,larsonemma@powell.abcd,44
Amanda Miller,james53@yahoo.abcd,32
Michael Evans,smithchristine@hotmail.abcd,46
Angel Lewis MD,suarezmike@mivas.abcd,55
Joshua Turner,sarah12@wilson-rodriguez.net,35
Douglas Clark,gracefarrell@hotmail.abcd,18
Taylor Mathis Jr.,bradley52@hotmail.abcd,28
Candice Ramos,rodriguezsierra@hotmail.abcd,45
Kimberly Davenport,tanderson@nolan-flynn.abcd,39
Christine Wright,kimberly69@moore.abcd,35
Allison Doyle,vpham@mivas.abcd,27
Richard Rodriguez,dwalker@torres-pope.abcd,31
Matthew Ross,rasmussenjoshua@hotmail.abcd,39
Meghan Anthony,wilsontara@mivas.abcd,24
Victoria Johnson,jessica56@hotmail.abcd,23
Mrs. Stephanie Lee,zsmith@mcdaniel.abcd,42
Benjamin Beck,elizabeth14@hotmail.abcd,24
Jason Powell,jamesortega@yahoo.abcd,40
Stephanie Gilbert,akelley@yahoo.abcd,40
Jeffrey Carpenter,rramos@mivas.abcd,56
Rebecca Moyer,campbellelizabeth@rogers.abcd,34
Curtis Johnson,xcarr@gibson.org,20
Michael Snyder,dianasmith@osborne.abcd,47
Melissa Marshall,bryantlaurie@schmidt.info,52
Michelle Wagner,juliawells@yahoo.abcd,25
Sara Ramirez,joshuajones@yahoo.abcd,42
George Orozco,edwardreyes@mccarthy.biz,23
Joshua Perry,xprice@shah.org,53
Aaron Bell,vmedina@hotmail.abcd,36
Stephanie Freeman,ytucker@yahoo.abcd,58
Rebecca Ramsey,tinaferguson@yahoo.abcd,57
Mary Miller,michellewhite@yahoo.abcd,41
Daniel Murphy,karen64@mivas.abcd,54
Paul Williams,debraharrington@hotmail.abcd,30
Andre Wright,johnwells@elliott.info,22
Pamela Jackson,tamirodriguez@hickman.biz,20
Miguel Jones,terrykevin@burke.abcd,60
Jeffrey Wood,atkinsonlynn@mivas.abcd,32
Jack Snow,ryangross@hotmail.abcd,36
Robert Medina,ugraham@hotmail.abcd,23
Samuel Rivas,nicole37@bishop.abcd,32
Daniel Salinas,nicole48@mivas.abcd,24
Cheryl Allen,ppeters@hotmail.abcd,42
Michael West,phillipsrichard@torres.abcd,35
Joseph Coleman,jacqueline44@yahoo.abcd,47
Nathan Stewart,javierwashington@lawrence.abcd,58
Elizabeth Ward,ericksondavid@mivas.abcd,41
Kristen Terry,agarcia@mitchell.abcd,28
Scott Wilson,kvasquez@parks.abcd,41
David Grant,kimberlyjames@yahoo.abcd,40
Kevin Patterson,mezajared@baker.abcd,31
Juan Moore,enorris@yahoo.abcd,60
Dwayne Campbell,mcdanielsandra@hotmail.abcd,35
Regina Gonzalez,deborahkerr@jones.abcd,59
Samantha Morse,harrisonkevin@yahoo.abcd,22
Kathryn Snyder,prestonjessica@wright.org,56
Alicia Hubbard,hinesgregory@hotmail.abcd,58
Sydney White,ecosta@yahoo.abcd,28
Frank Garcia,robert74@landry.info,52
David Wilson,sandovalamy@yahoo.abcd,33
Joseph Dean,nwolf@yahoo.abcd,28
Tanya Kim,johnsoncrystal@mivas.abcd,47
Emily Smith,walkermaureen@mivas.abcd,42
Bruce Collier,william46@yahoo.abcd,35
Mrs. Kristen Reyes,hillkristy@morgan-french.abcd,58
Diane Evans,seanwashington@yahoo.abcd,53
Kimberly Gibson,tinaallen@yahoo.abcd,32
Reginald Williams,qhughes@hotmail.abcd,38
Mrs. Amanda Shaw,sawyerscott@hotmail.abcd,21
Alexis Thomas,harrisontanya@hanson-sanders.abcd,32
Sarah Villarreal,courtney78@mivas.abcd,20
Cynthia Cohen,juliehamilton@mivas.abcd,38
Michele Garcia,rebecca05@carter.biz,43
Joseph Knight,gregorylynch@harvey-allen.org,35
Joel King,nolansteven@yahoo.abcd,22
Brooke Alexander,danielle64@yahoo.abcd,31
