email,name,age
tim1@mivas.com,Tim 1,21
tim2@mivas.com,Tim 2,22
tim3@mivas.com,Tim 3,23
tim4@mivas.com,Tim 4,24
tim5@mivas.com,Tim 5,25
tim6@mivas.com,Tim 6,26
tim7@mivas.com,Tim 7,27
tim8@mivas.com,Tim 8,28
tim9@mivas.com,Tim 9,29
tim10@mivas.com,Tim 10,30
tim11@mivas.com,Tim 11,21
tim12@mivas.com,Tim 12,22
tim13@mivas.com,Tim 13,23
tim14@mivas.com,Tim 14,24
tim15@mivas.com,Tim 15,25
tim16@mivas.com,Tim 16,26
tim17@mivas.com,Tim 17,27
tim18@mivas.com,Tim 18,28
tim19@mivas.com,Tim 19,29
tim20@mivas.com,Tim 20,30
tim21@mivas.com,Tim 21,21
tim22@mivas.com,Tim 22,22
tim23@mivas.com,Tim 23,23
tim24@mivas.com,Tim 24,24
tim25@mivas.com,Tim 25,25
tim26@mivas.com,Tim 26,26
tim27@mivas.com,Tim 27,27
tim28@mivas.com,Tim 28,28
tim29@mivas.com,Tim 29,29
tim30@mivas.com,Tim 30,30
tim31@mivas.com,Tim 31,21
tim32@mivas.com,Tim 32,22
tim33@mivas.com,Tim 33,23
tim34@mivas.com,Tim 34,24
tim35@mivas.com,Tim 35,25
tim36@mivas.com,Tim 36,26
tim37@mivas.com,Tim 37,27
tim38@mivas.com,Tim 38,28
tim39@mivas.com,Tim 39,29
tim40@mivas.com,Tim 40,30
tim41@mivas.com,Tim 41,21
tim42@mivas.com,Tim 42,22
tim43@mivas.com,Tim 43,23
tim44@mivas.com,Tim 44,24
tim45@mivas.com,Tim 45,25
tim46@mivas.com,Tim 46,26
tim47@mivas.com,Tim 47,27
tim48@mivas.com,Tim 48,28
tim49@mivas.com,Tim 49,29
tim50@mivas.com,Tim 50,30
tim51@mivas.com,Tim 51,21
tim52@mivas.com,Tim 52,22
tim53@mivas.com,Tim 53,23
tim54@mivas.com,Tim 54,24
tim55@mivas.com,Tim 55,25
tim56@mivas.com,Tim 56,26
tim57@mivas.com,Tim 57,27
tim58@mivas.com,Tim 58,28
tim59@mivas.com,Tim 59,29
tim60@mivas.com,Tim 60,30
tim61@mivas.com,Tim 61,21
tim62@mivas.com,Tim 62,22
tim63@mivas.com,Tim 63,23
tim64@mivas.com,Tim 64,24
tim65@mivas.com,Tim 65,25
tim66@mivas.com,Tim 66,26
tim67@mivas.com,Tim 67,27
tim68@mivas.com,Tim 68,28
tim69@mivas.com,Tim 69,29
tim70@mivas.com,Tim 70,30
tim71@mivas.com,Tim 71,21
tim72@mivas.com,Tim 72,22
tim73@mivas.com,Tim 73,23
tim74@mivas.com,Tim 74,24
tim75@mivas.com,Tim 75,25
tim76@mivas.com,Tim 76,26
tim77@mivas.com,Tim 77,27
tim78@mivas.com,Tim 78,28
tim79@mivas.com,Tim 79,29
tim80@mivas.com,Tim 80,30
tim81@mivas.com,Tim 81,21
tim82@mivas.com,Tim 82,22
tim83@mivas.com,Tim 83,23
tim84@mivas.com,Tim 84,24
tim85@mivas.com,Tim 85,25
tim86@mivas.com,Tim 86,26
tim87@mivas.com,Tim 87,27
tim88@mivas.com,Tim 88,28
tim89@mivas.com,Tim 89,29
tim90@mivas.com,Tim 90,30
tim91@mivas.com,Tim 91,21
tim92@mivas.com,Tim 92,22
tim93@mivas.com,Tim 93,23
tim94@mivas.com,Tim 94,24
tim95@mivas.com,Tim 95,25
tim96@mivas.com,Tim 96,26
tim97@mivas.com,Tim 97,27
tim98@mivas.com,Tim 98,28
tim99@mivas.com,Tim 99,29
tim100@mivas.com,Tim 100,30
